{
  "admiration": {
    "precision": 0.6317260656883298,
    "recall": 0.5228455754771544,
    "f1-score": 0.5721518987341773,
    "support": 1729.0
  },
  "amusement": {
    "precision": 0.6284153005464481,
    "recall": 0.5867346938775511,
    "f1-score": 0.6068601583113457,
    "support": 980.0
  },
  "anger": {
    "precision": 0.5359116022099447,
    "recall": 0.24433249370277077,
    "f1-score": 0.3356401384083045,
    "support": 794.0
  },
  "annoyance": {
    "precision": 0.4157303370786517,
    "recall": 0.02863777089783282,
    "f1-score": 0.05358435916002897,
    "support": 1292.0
  },
  "approval": {
    "precision": 0.5304347826086957,
    "recall": 0.10286677908937605,
    "f1-score": 0.17231638418079095,
    "support": 1779.0
  },
  "caring": {
    "precision": 0.42857142857142855,
    "recall": 0.19864176570458403,
    "f1-score": 0.271461716937355,
    "support": 589.0
  },
  "confusion": {
    "precision": 0.5315315315315315,
    "recall": 0.162534435261708,
    "f1-score": 0.2489451476793249,
    "support": 726.0
  },
  "curiosity": {
    "precision": 0.5963855421686747,
    "recall": 0.20454545454545456,
    "f1-score": 0.3046153846153846,
    "support": 968.0
  },
  "desire": {
    "precision": 0.47183098591549294,
    "recall": 0.1717948717948718,
    "f1-score": 0.2518796992481203,
    "support": 390.0
  },
  "disappointment": {
    "precision": 0.44594594594594594,
    "recall": 0.04024390243902439,
    "f1-score": 0.0738255033557047,
    "support": 820.0
  },
  "disapproval": {
    "precision": 0.44481605351170567,
    "recall": 0.1206896551724138,
    "f1-score": 0.18986438258386867,
    "support": 1102.0
  },
  "disgust": {
    "precision": 0.5702479338842975,
    "recall": 0.12849162011173185,
    "f1-score": 0.20972644376899696,
    "support": 537.0
  },
  "embarrassment": {
    "precision": 0.5964912280701754,
    "recall": 0.13709677419354838,
    "f1-score": 0.22295081967213115,
    "support": 248.0
  },
  "excitement": {
    "precision": 0.5185185185185185,
    "recall": 0.09605488850771869,
    "f1-score": 0.16208393632416787,
    "support": 583.0
  },
  "fear": {
    "precision": 0.5828571428571429,
    "recall": 0.3227848101265823,
    "f1-score": 0.4154786150712831,
    "support": 316.0
  },
  "gratitude": {
    "precision": 0.8581560283687943,
    "recall": 0.7528888888888889,
    "f1-score": 0.8020833333333334,
    "support": 1125.0
  },
  "grief": {
    "precision": 0.0,
    "recall": 0.0,
    "f1-score": 0.0,
    "support": 82.0
  },
  "joy": {
    "precision": 0.5340136054421769,
    "recall": 0.19454770755885997,
    "f1-score": 0.2851952770208901,
    "support": 807.0
  },
  "love": {
    "precision": 0.6377005347593583,
    "recall": 0.5910780669144982,
    "f1-score": 0.6135048231511254,
    "support": 807.0
  },
  "nervousness": {
    "precision": 0.4166666666666667,
    "recall": 0.05434782608695652,
    "f1-score": 0.09615384615384616,
    "support": 184.0
  },
  "optimism": {
    "precision": 0.5434782608695652,
    "recall": 0.2653301886792453,
    "f1-score": 0.35657686212361334,
    "support": 848.0
  },
  "pride": {
    "precision": 0.5151515151515151,
    "recall": 0.12318840579710146,
    "f1-score": 0.19883040935672514,
    "support": 138.0
  },
  "realization": {
    "precision": 0.4943820224719101,
    "recall": 0.04971751412429379,
    "f1-score": 0.09034907597535935,
    "support": 885.0
  },
  "relief": {
    "precision": 0.2,
    "recall": 0.007575757575757576,
    "f1-score": 0.014598540145985401,
    "support": 132.0
  },
  "remorse": {
    "precision": 0.467005076142132,
    "recall": 0.36507936507936506,
    "f1-score": 0.40979955456570155,
    "support": 252.0
  },
  "sadness": {
    "precision": 0.5973597359735974,
    "recall": 0.2828125,
    "f1-score": 0.383881230116649,
    "support": 640.0
  },
  "surprise": {
    "precision": 0.5432525951557093,
    "recall": 0.29345794392523367,
    "f1-score": 0.38106796116504854,
    "support": 535.0
  },
  "neutral": {
    "precision": 0.61560183551006,
    "recall": 0.3124888012900914,
    "f1-score": 0.4145471832659853,
    "support": 5581.0
  },
  "micro avg": {
    "precision": 0.6065926191329273,
    "recall": 0.27230688809361053,
    "f1-score": 0.37587766769350317,
    "support": 24869.0
  },
  "macro avg": {
    "precision": 0.5125779384149453,
    "recall": 0.22717173060080767,
    "f1-score": 0.29064188158661597,
    "support": 24869.0
  },
  "weighted avg": {
    "precision": 0.5637692167896424,
    "recall": 0.27230688809361053,
    "f1-score": 0.3436748386275569,
    "support": 24869.0
  },
  "samples avg": {
    "precision": 0.30834477425870693,
    "recall": 0.2798617921185738,
    "f1-score": 0.28761190126763203,
    "support": 24869.0
  }
}