{
  "admiration": {
    "precision": 0.643956043956044,
    "recall": 0.5083863504916136,
    "f1-score": 0.5681965093729799,
    "support": 1729.0
  },
  "amusement": {
    "precision": 0.6280295047418335,
    "recall": 0.6081632653061224,
    "f1-score": 0.6179367547952307,
    "support": 980.0
  },
  "anger": {
    "precision": 0.5574912891986062,
    "recall": 0.20151133501259447,
    "f1-score": 0.2960222016651249,
    "support": 794.0
  },
  "annoyance": {
    "precision": 0.6086956521739131,
    "recall": 0.021671826625386997,
    "f1-score": 0.04185351270553064,
    "support": 1292.0
  },
  "approval": {
    "precision": 0.5752895752895753,
    "recall": 0.0837549184935357,
    "f1-score": 0.14622178606476938,
    "support": 1779.0
  },
  "caring": {
    "precision": 0.47549019607843135,
    "recall": 0.16468590831918506,
    "f1-score": 0.244640605296343,
    "support": 589.0
  },
  "confusion": {
    "precision": 0.5440414507772021,
    "recall": 0.1446280991735537,
    "f1-score": 0.22850924918389554,
    "support": 726.0
  },
  "curiosity": {
    "precision": 0.6,
    "recall": 0.16735537190082644,
    "f1-score": 0.2617124394184168,
    "support": 968.0
  },
  "desire": {
    "precision": 0.5233644859813084,
    "recall": 0.14358974358974358,
    "f1-score": 0.22535211267605634,
    "support": 390.0
  },
  "disappointment": {
    "precision": 0.4642857142857143,
    "recall": 0.03170731707317073,
    "f1-score": 0.0593607305936073,
    "support": 820.0
  },
  "disapproval": {
    "precision": 0.48066298342541436,
    "recall": 0.07894736842105263,
    "f1-score": 0.13561964146531566,
    "support": 1102.0
  },
  "disgust": {
    "precision": 0.6413043478260869,
    "recall": 0.10986964618249534,
    "f1-score": 0.1875993640699523,
    "support": 537.0
  },
  "embarrassment": {
    "precision": 0.6304347826086957,
    "recall": 0.11693548387096774,
    "f1-score": 0.19727891156462585,
    "support": 248.0
  },
  "excitement": {
    "precision": 0.5164835164835165,
    "recall": 0.08061749571183534,
    "f1-score": 0.1394658753709199,
    "support": 583.0
  },
  "fear": {
    "precision": 0.59375,
    "recall": 0.30063291139240506,
    "f1-score": 0.39915966386554624,
    "support": 316.0
  },
  "gratitude": {
    "precision": 0.867827868852459,
    "recall": 0.7528888888888889,
    "f1-score": 0.806282722513089,
    "support": 1125.0
  },
  "grief": {
    "precision": 0.16666666666666666,
    "recall": 0.012195121951219513,
    "f1-score": 0.022727272727272728,
    "support": 82.0
  },
  "joy": {
    "precision": 0.5719424460431655,
    "recall": 0.1970260223048327,
    "f1-score": 0.29308755760368665,
    "support": 807.0
  },
  "love": {
    "precision": 0.6598360655737705,
    "recall": 0.5985130111524164,
    "f1-score": 0.6276803118908382,
    "support": 807.0
  },
  "nervousness": {
    "precision": 0.36,
    "recall": 0.04891304347826087,
    "f1-score": 0.0861244019138756,
    "support": 184.0
  },
  "optimism": {
    "precision": 0.5714285714285714,
    "recall": 0.2688679245283019,
    "f1-score": 0.3656776263031275,
    "support": 848.0
  },
  "pride": {
    "precision": 0.5625,
    "recall": 0.13043478260869565,
    "f1-score": 0.21176470588235294,
    "support": 138.0
  },
  "realization": {
    "precision": 0.5675675675675675,
    "recall": 0.04745762711864407,
    "f1-score": 0.08759124087591241,
    "support": 885.0
  },
  "relief": {
    "precision": 0.35714285714285715,
    "recall": 0.03787878787878788,
    "f1-score": 0.0684931506849315,
    "support": 132.0
  },
  "remorse": {
    "precision": 0.5138121546961326,
    "recall": 0.36904761904761907,
    "f1-score": 0.4295612009237875,
    "support": 252.0
  },
  "sadness": {
    "precision": 0.6102941176470589,
    "recall": 0.259375,
    "f1-score": 0.36403508771929827,
    "support": 640.0
  },
  "surprise": {
    "precision": 0.5910931174089069,
    "recall": 0.27289719626168224,
    "f1-score": 0.3734015345268542,
    "support": 535.0
  },
  "neutral": {
    "precision": 0.6270022883295194,
    "recall": 0.29457086543630173,
    "f1-score": 0.4008289650128002,
    "support": 5581.0
  },
  "micro avg": {
    "precision": 0.6312475403384494,
    "recall": 0.2579918774377739,
    "f1-score": 0.36628321867953073,
    "support": 24869.0
  },
  "macro avg": {
    "precision": 0.553942616577965,
    "recall": 0.2161615332935764,
    "f1-score": 0.28164946916736217,
    "support": 24869.0
  },
  "weighted avg": {
    "precision": 0.5966749083720991,
    "recall": 0.2579918774377739,
    "f1-score": 0.33034831921857233,
    "support": 24869.0
  },
  "samples avg": {
    "precision": 0.2900314033675772,
    "recall": 0.2644097797556113,
    "f1-score": 0.2712078686514136,
    "support": 24869.0
  }
}