{
  "model_id_or_path": "albert-base-v2",
  "split": "test",
  "threshold": 0.5,
  "max_length": 128,
  "batch_size": 32,
  "fp32": {
    "f1_micro": 0.0658927080128346,
    "f1_macro": 0.05352678488721071,
    "f1_weighted": 0.06527245007332569,
    "latency_sec": 1335.7066388130188,
    "report": {
      "admiration": {
        "precision": 0.08179794439444892,
        "recall": 0.9988432620011567,
        "f1-score": 0.15121267839943964,
        "support": 1729.0
      },
      "amusement": {
        "precision": 0.04526331795833544,
        "recall": 0.9112244897959184,
        "f1-score": 0.08624269641218794,
        "support": 980.0
      },
      "anger": {
        "precision": 0.04589371980676329,
        "recall": 0.26322418136020154,
        "f1-score": 0.0781600598354525,
        "support": 794.0
      },
      "annoyance": {
        "precision": 0.062014667817083695,
        "recall": 0.44504643962848295,
        "f1-score": 0.10886028019689512,
        "support": 1292.0
      },
      "approval": {
        "precision": 0.07633587786259542,
        "recall": 0.011242270938729624,
        "f1-score": 0.019598236158745713,
        "support": 1779.0
      },
      "caring": {
        "precision": 0.026881720430107527,
        "recall": 0.8828522920203735,
        "f1-score": 0.052174785531530626,
        "support": 589.0
      },
      "confusion": {
        "precision": 0.03434391283751776,
        "recall": 0.9986225895316805,
        "f1-score": 0.06640410331562557,
        "support": 726.0
      },
      "curiosity": {
        "precision": 0.06071779744346116,
        "recall": 0.25516528925619836,
        "f1-score": 0.09809372517871326,
        "support": 968.0
      },
      "desire": {
        "precision": 0.018493053250509744,
        "recall": 1.0,
        "f1-score": 0.0363145397830439,
        "support": 390.0
      },
      "disappointment": {
        "precision": 0.038481914944853826,
        "recall": 0.974390243902439,
        "f1-score": 0.07403975350970671,
        "support": 820.0
      },
      "disapproval": {
        "precision": 0.0516312633397703,
        "recall": 0.9219600725952813,
        "f1-score": 0.09778633301251204,
        "support": 1102.0
      },
      "disgust": {
        "precision": 0.019957234497505347,
        "recall": 0.0521415270018622,
        "f1-score": 0.0288659793814433,
        "support": 537.0
      },
      "embarrassment": {
        "precision": 0.011823599523241954,
        "recall": 1.0,
        "f1-score": 0.023370871224614804,
        "support": 248.0
      },
      "excitement": {
        "precision": 0.019525801952580194,
        "recall": 0.024013722126929673,
        "f1-score": 0.021538461538461538,
        "support": 583.0
      },
      "fear": {
        "precision": 0.015168038068801428,
        "recall": 0.9683544303797469,
        "f1-score": 0.02986822840409956,
        "support": 316.0
      },
      "gratitude": {
        "precision": 0.05315073740662708,
        "recall": 0.9866666666666667,
        "f1-score": 0.10086782679812804,
        "support": 1125.0
      },
      "grief": {
        "precision": 0.002565982404692082,
        "recall": 0.17073170731707318,
        "f1-score": 0.005055976886962802,
        "support": 82.0
      },
      "joy": {
        "precision": 0.03225181598062954,
        "recall": 0.41263940520446096,
        "f1-score": 0.05982752425440172,
        "support": 807.0
      },
      "love": {
        "precision": 0.03824457405105651,
        "recall": 0.9913258983890955,
        "f1-score": 0.07364787111622555,
        "support": 807.0
      },
      "nervousness": {
        "precision": 0.007190482416002092,
        "recall": 0.29891304347826086,
        "f1-score": 0.014043150772373293,
        "support": 184.0
      },
      "optimism": {
        "precision": 0.03829150513500646,
        "recall": 0.6639150943396226,
        "f1-score": 0.07240691916918526,
        "support": 848.0
      },
      "pride": {
        "precision": 0.006385696040868455,
        "recall": 0.36231884057971014,
        "f1-score": 0.012550200803212851,
        "support": 138.0
      },
      "realization": {
        "precision": 0.0,
        "recall": 0.0,
        "f1-score": 0.0,
        "support": 885.0
      },
      "relief": {
        "precision": 0.007555315704263357,
        "recall": 0.21212121212121213,
        "f1-score": 0.014590932777488274,
        "support": 132.0
      },
      "remorse": {
        "precision": 0.007536231884057971,
        "recall": 0.051587301587301584,
        "f1-score": 0.013151239251390997,
        "support": 252.0
      },
      "sadness": {
        "precision": 0.03098676293622142,
        "recall": 0.965625,
        "f1-score": 0.060046638165565484,
        "support": 640.0
      },
      "surprise": {
        "precision": 0.025337516638144132,
        "recall": 0.9962616822429906,
        "f1-score": 0.04941820036159659,
        "support": 535.0
      },
      "neutral": {
        "precision": 0.2264957264957265,
        "recall": 0.028489518007525534,
        "f1-score": 0.0506127646028967,
        "support": 5581.0
      },
      "micro avg": {
        "precision": 0.035362247049214646,
        "recall": 0.4822469741445173,
        "f1-score": 0.0658927080128346,
        "support": 24869.0
      },
      "macro avg": {
        "precision": 0.03872579325788827,
        "recall": 0.56598843501689,
        "f1-score": 0.05352678488721071,
        "support": 24869.0
      },
      "weighted avg": {
        "precision": 0.08505009864998199,
        "recall": 0.4822469741445173,
        "f1-score": 0.06527245007332569,
        "support": 24869.0
      },
      "samples avg": {
        "precision": 0.03547843028144275,
        "recall": 0.4503140712485976,
        "f1-score": 0.06499911582184682,
        "support": 24869.0
      }
    },
    "n_examples": 21123
  },
  "int8_dynamic": {
    "f1_micro": 0.07898265006533803,
    "f1_macro": 0.06983653458937952,
    "f1_weighted": 0.136404986231821,
    "latency_sec": 1149.862651348114,
    "report": {
      "admiration": {
        "precision": 0.0819081908190819,
        "recall": 1.0,
        "f1-score": 0.15141430948419302,
        "support": 1729.0
      },
      "amusement": {
        "precision": 0.046562585592988225,
        "recall": 0.5204081632653061,
        "f1-score": 0.08547724796782033,
        "support": 980.0
      },
      "anger": {
        "precision": 0.0373755839934999,
        "recall": 0.23173803526448364,
        "f1-score": 0.06436942452335141,
        "support": 794.0
      },
      "annoyance": {
        "precision": 0.06009972880762838,
        "recall": 0.531733746130031,
        "f1-score": 0.10799339778354161,
        "support": 1292.0
      },
      "approval": {
        "precision": 0.08302354399008674,
        "recall": 0.4896008993816751,
        "f1-score": 0.1419722901385493,
        "support": 1779.0
      },
      "caring": {
        "precision": 0.02642240620045799,
        "recall": 0.2546689303904924,
        "f1-score": 0.047877433769549956,
        "support": 589.0
      },
      "confusion": {
        "precision": 0.03385566417481311,
        "recall": 0.6487603305785123,
        "f1-score": 0.06435305369586009,
        "support": 726.0
      },
      "curiosity": {
        "precision": 0.04586326150571961,
        "recall": 0.890495867768595,
        "f1-score": 0.0872337195769873,
        "support": 968.0
      },
      "desire": {
        "precision": 0.019244841211766426,
        "recall": 0.6743589743589744,
        "f1-score": 0.03742174160500854,
        "support": 390.0
      },
      "disappointment": {
        "precision": 0.038840469874952634,
        "recall": 1.0,
        "f1-score": 0.07477658216304943,
        "support": 820.0
      },
      "disapproval": {
        "precision": 0.04969879518072289,
        "recall": 0.11978221415607986,
        "f1-score": 0.07025013304949441,
        "support": 1102.0
      },