{
  "model_id_or_path": "google/mobilebert-uncased",
  "split": "test",
  "threshold": 0.5,
  "max_length": 128,
  "batch_size": 32,
  "fp32": {
    "f1_micro": 0.582089552238806,
    "f1_macro": 0.47421356343826215,
    "f1_weighted": 0.5669955115347999,
    "latency_sec": 114.05405783653259,
    "report": {
      "admiration": {
        "precision": 0.6519524617996605,
        "recall": 0.7619047619047619,
        "f1-score": 0.7026532479414456,
        "support": 504.0
      },
      "amusement": {
        "precision": 0.7517482517482518,
        "recall": 0.8531746031746031,
        "f1-score": 0.7992565055762082,
        "support": 252.0
      },
      "anger": {
        "precision": 0.5142857142857142,
        "recall": 0.45685279187817257,
        "f1-score": 0.4838709677419355,
        "support": 197.0
      },
      "annoyance": {
        "precision": 0.33,
        "recall": 0.23076923076923078,
        "f1-score": 0.2716049382716049,
        "support": 286.0
      },
      "approval": {
        "precision": 0.46956521739130436,
        "recall": 0.33962264150943394,
        "f1-score": 0.39416058394160586,
        "support": 318.0
      },
      "caring": {
        "precision": 0.3904761904761905,
        "recall": 0.35964912280701755,
        "f1-score": 0.3744292237442922,
        "support": 114.0
      },
      "confusion": {
        "precision": 0.49056603773584906,
        "recall": 0.37410071942446044,
        "f1-score": 0.42448979591836733,
        "support": 139.0
      },
      "curiosity": {
        "precision": 0.476027397260274,
        "recall": 0.5965665236051502,
        "f1-score": 0.5295238095238095,
        "support": 233.0
      },
      "desire": {
        "precision": 0.6041666666666666,
        "recall": 0.3918918918918919,
        "f1-score": 0.47540983606557374,
        "support": 74.0
      },
      "disappointment": {
        "precision": 0.3815789473684211,
        "recall": 0.2283464566929134,
        "f1-score": 0.2857142857142857,
        "support": 127.0
      },
      "disapproval": {
        "precision": 0.418848167539267,
        "recall": 0.36363636363636365,
        "f1-score": 0.38929440389294406,
        "support": 220.0
      },
      "disgust": {
        "precision": 0.49333333333333335,
        "recall": 0.44047619047619047,
        "f1-score": 0.46540880503144655,
        "support": 84.0
      },
      "embarrassment": {
        "precision": 0.65,
        "recall": 0.43333333333333335,
        "f1-score": 0.52,
        "support": 30.0
      },
      "excitement": {
        "precision": 0.4358974358974359,
        "recall": 0.40476190476190477,
        "f1-score": 0.41975308641975306,
        "support": 84.0
      },
      "fear": {
        "precision": 0.6712328767123288,
        "recall": 0.6621621621621622,
        "f1-score": 0.6666666666666666,
        "support": 74.0
      },
      "gratitude": {
        "precision": 0.8367346938775511,
        "recall": 0.8541666666666666,
        "f1-score": 0.845360824742268,
        "support": 288.0
      },
      "grief": {
        "precision": 0.25,
        "recall": 0.16666666666666666,
        "f1-score": 0.2,
        "support": 6.0
      },
      "joy": {
        "precision": 0.5370370370370371,
        "recall": 0.5,
        "f1-score": 0.5178571428571429,
        "support": 116.0
      },
      "love": {
        "precision": 0.6542056074766355,
        "recall": 0.8284023668639053,
        "f1-score": 0.7310704960835509,
        "support": 169.0
      },
      "nervousness": {
        "precision": 0.6666666666666666,
        "recall": 0.5,
        "f1-score": 0.5714285714285714,
        "support": 16.0
      },
      "optimism": {
        "precision": 0.5585585585585585,
        "recall": 0.5166666666666667,
        "f1-score": 0.5367965367965368,
        "support": 120.0
      },
      "pride": {
        "precision": 0.5,
        "recall": 0.125,
        "f1-score": 0.2,
        "support": 8.0
      },
      "realization": {
        "precision": 0.375,
        "recall": 0.11009174311926606,
        "f1-score": 0.1702127659574468,
        "support": 109.0
      },
      "relief": {
        "precision": 0.0,
        "recall": 0.0,
        "f1-score": 0.0,
        "support": 7.0
      },
      "remorse": {
        "precision": 0.5806451612903226,
        "recall": 0.782608695652174,
        "f1-score": 0.6666666666666666,
        "support": 46.0
      },
      "sadness": {
        "precision": 0.5955056179775281,
        "recall": 0.49074074074074076,
        "f1-score": 0.5380710659898477,
        "support": 108.0
      },
      "surprise": {
        "precision": 0.4810126582278481,
        "recall": 0.41304347826086957,
        "f1-score": 0.4444444444444444,
        "support": 92.0
      },
      "neutral": {
        "precision": 0.6069333333333333,
        "recall": 0.7085927770859277,
        "f1-score": 0.6538351048549268,
        "support": 1606.0
      },
      "accuracy": 0.582089552238806,
      "macro avg": {
        "precision": 0.5132849297378635,
        "recall": 0.46047244641965973,
        "f1-score": 0.47421356343826215,
        "support": 5427.0
      },
      "weighted avg": {
        "precision": 0.5651589753261248,
        "recall": 0.582089552238806,
        "f1-score": 0.5669955115347999,
        "support": 5427.0
      }
    },
    "n_examples": 5427
  },
  "int8_dynamic": {
    "f1_micro": 0.5806154413119587,
    "f1_macro": 0.4759826107885502,
    "f1_weighted": 0.5662426844811858,
    "latency_sec": 108.28842496871948,
    "report": {
      "admiration": {
        "precision": 0.6614583333333334,
        "recall": 0.7559523809523809,
        "f1-score": 0.7055555555555556,
        "support": 504.0
      },
      "amusement": {
        "precision": 0.7617328519855595,
        "recall": 0.8373015873015873,
        "f1-score": 0.7977315689981096,
        "support": 252.0
      },
      "anger": {
        "precision": 0.49411764705882355,
        "recall": 0.4263959390862944,
        "f1-score": 0.45776566757493187,
        "support": 197.0
      },
      "annoyance": {
        "precision": 0.33170731707317075,
        "recall": 0.23776223776223776,
        "f1-score": 0.2769857433808554,
        "support": 286.0
      },
      "approval": {
        "precision": 0.4636363636363636,
        "recall": 0.32075471698113206,
        "f1-score": 0.379182156133829,
        "support": 318.0
      },
      "caring": {
        "precision": 0.37755102040816324,
        "recall": 0.32456140350877194,
        "f1-score": 0.3490566037735849,
        "support": 114.0
      },
      "confusion": {
        "precision": 0.5,
        "recall": 0.4028776978417266,
        "f1-score": 0.44621513944223107,
        "support": 139.0
      },
      "curiosity": {
        "precision": 0.49466192170818507,
        "recall": 0.5965665236051502,
        "f1-score": 0.5408560311284046,
        "support": 233.0
      },
      "desire": {
        "precision": 0.6153846153846154,
        "recall": 0.43243243243243246,
        "f1-score": 0.5079365079365079,
        "support": 74.0
      },
      "disappointment": {
        "precision": 0.41975308641975306,
        "recall": 0.2677165354330709,
        "f1-score": 0.3269230769230769,
        "support": 127.0
      },
      "disapproval": {
        "precision": 0.37681159420289856,
        "recall": 0.35454545454545455,
        "f1-score": 0.36533957845433257,
        "support": 220.0
      },
      "disgust": {
        "precision": 0.5492957746478874,
        "recall": 0.4642857142857143,
        "f1-score": 0.5032258064516129,
        "support": 84.0
      },
      "embarrassment": {
        "precision": 0.65,
        "recall": 0.43333333333333335,
        "f1-score": 0.52,
        "support": 30.0
      },
      "excitement": {
        "precision": 0.4166666666666667,
        "recall": 0.4166666666666667,
        "f1-score": 0.4166666666666667,
        "support": 84.0
      },