{
  "trainable_params": 11705116,
  "avg_latency_ms_per_batch32_cpu": 678.4151554107666,
  "avg_latency_ms_per_batch32_gpu": 24.38023090362549
}