{
  "model_id_or_path": "google/mobilebert-uncased",
  "split": "test",
  "threshold": 0.5,
  "max_length": 128,
  "batch_size": 32,
  "fp32": {
    "f1_micro": 0.09840782500130912,
    "f1_macro": 0.05443645663617571,
    "f1_weighted": 0.1411349206350754,
    "latency_sec": 418.152131319046,
    "report": {
      "admiration": {
        "precision": 0.08185390332812574,
        "recall": 1.0,
        "f1-score": 0.15132154734815334,
        "support": 1729.0
      },
      "amusement": {
        "precision": 0.04639492496331014,
        "recall": 1.0,
        "f1-score": 0.08867574537393114,
        "support": 980.0
      },
      "anger": {
        "precision": 0.0,
        "recall": 0.0,
        "f1-score": 0.0,
        "support": 794.0
      },
      "annoyance": {
        "precision": 0.0,
        "recall": 0.0,
        "f1-score": 0.0,
        "support": 1292.0
      },
      "approval": {
        "precision": 0.08422099133645788,
        "recall": 1.0,
        "f1-score": 0.1553576106890228,
        "support": 1779.0
      },
      "caring": {
        "precision": 0.027884296738152726,
        "recall": 1.0,
        "f1-score": 0.0542557111274871,
        "support": 589.0
      },
      "confusion": {
        "precision": 0.0,
        "recall": 0.0,
        "f1-score": 0.0,
        "support": 726.0
      },
      "curiosity": {
        "precision": 0.0,
        "recall": 0.0,
        "f1-score": 0.0,
        "support": 968.0
      },
      "desire": {
        "precision": 0.018463286464990767,
        "recall": 1.0,
        "f1-score": 0.03625714684144471,
        "support": 390.0
      },
      "disappointment": {
        "precision": 0.038820243336647256,
        "recall": 1.0,
        "f1-score": 0.0747390967506722,
        "support": 820.0
      },
      "disapproval": {
        "precision": 0.052170619703640585,
        "recall": 1.0,
        "f1-score": 0.09916760404949382,
        "support": 1102.0
      },
      "disgust": {
        "precision": 0.0,
        "recall": 0.0,
        "f1-score": 0.0,
        "support": 537.0
      },
      "embarrassment": {
        "precision": 0.011740756521327464,
        "recall": 1.0,
        "f1-score": 0.023209021571288194,
        "support": 248.0
      },
      "excitement": {
        "precision": 0.027600246177152867,
        "recall": 1.0,
        "f1-score": 0.05371786602782641,
        "support": 583.0
      },
      "fear": {
        "precision": 0.0,
        "recall": 0.0,
        "f1-score": 0.0,
        "support": 316.0
      },
      "gratitude": {
        "precision": 0.05325948018747337,
        "recall": 1.0,
        "f1-score": 0.1011326860841424,
        "support": 1125.0
      },
      "grief": {
        "precision": 0.0,
        "recall": 0.0,
        "f1-score": 0.0,
        "support": 82.0
      },
      "joy": {
        "precision": 0.038204800454480894,
        "recall": 1.0,
        "f1-score": 0.07359781121751026,
        "support": 807.0
      },
      "love": {
        "precision": 0.038204800454480894,
        "recall": 1.0,
        "f1-score": 0.07359781121751026,
        "support": 807.0
      },
      "nervousness": {
        "precision": 0.0,
        "recall": 0.0,
        "f1-score": 0.0,
        "support": 184.0
      },
      "optimism": {
        "precision": 0.0,
        "recall": 0.0,
        "f1-score": 0.0,
        "support": 848.0
      },
      "pride": {
        "precision": 0.006533162902996733,
        "recall": 1.0,
        "f1-score": 0.012981515450825456,
        "support": 138.0
      },
      "realization": {
        "precision": 0.0,
        "recall": 0.0,
        "f1-score": 0.0,
        "support": 885.0
      },
      "relief": {
        "precision": 0.0,
        "recall": 0.0,
        "f1-score": 0.0,
        "support": 132.0
      },
      "remorse": {
        "precision": 0.0,
        "recall": 0.0,
        "f1-score": 0.0,
        "support": 252.0
      },
      "sadness": {
        "precision": 0.030298726506651517,
        "recall": 1.0,
        "f1-score": 0.05881542066810642,
        "support": 640.0
      },
      "surprise": {
        "precision": 0.025327841689154,
        "recall": 1.0,
        "f1-score": 0.04940437713546957,
        "support": 535.0
      },
      "neutral": {
        "precision": 0.2642143634900346,
        "recall": 1.0,
        "f1-score": 0.41798981426003595,
        "support": 5581.0
      },
      "micro avg": {
        "precision": 0.05282452776594234,
        "recall": 0.7178817001085689,
        "f1-score": 0.09840782500130912,
        "support": 24869.0
      },
      "macro avg": {
        "precision": 0.030185444437681338,
        "recall": 0.5714285714285714,
        "f1-score": 0.05443645663617571,
        "support": 24869.0
      },
      "weighted avg": {
        "precision": 0.0843932750623255,
        "recall": 0.7178817001085689,
        "f1-score": 0.1411349206350754,
        "support": 24869.0
      },
      "samples avg": {
        "precision": 0.05282452776594234,
        "recall": 0.7238028734194052,
        "f1-score": 0.09761783225011784,
        "support": 24869.0
      }
    },
    "n_examples": 21123
  },
  "int8_dynamic": {
    "f1_micro": 0.09864492039045794,
    "f1_macro": 0.05446022478659755,
    "f1_weighted": 0.14115209670563605,
    "latency_sec": 400.45531034469604,
    "report": {
      "admiration": {
        "precision": 0.08185390332812574,
        "recall": 1.0,
        "f1-score": 0.15132154734815334,
        "support": 1729.0
      },
      "amusement": {
        "precision": 0.04639492496331014,
        "recall": 1.0,
        "f1-score": 0.08867574537393114,
        "support": 980.0
      },
      "anger": {
        "precision": 0.0,
        "recall": 0.0,
        "f1-score": 0.0,
        "support": 794.0
      },
      "annoyance": {
        "precision": 0.0,
        "recall": 0.0,
        "f1-score": 0.0,
        "support": 1292.0
      },
      "approval": {
        "precision": 0.08422099133645788,
        "recall": 1.0,
        "f1-score": 0.1553576106890228,
        "support": 1779.0
      },
      "caring": {
        "precision": 0.027884296738152726,
        "recall": 1.0,
        "f1-score": 0.0542557111274871,
        "support": 589.0
      },
      "confusion": {
        "precision": 0.0,
        "recall": 0.0,
        "f1-score": 0.0,
        "support": 726.0
      },
      "curiosity": {
        "precision": 0.0,
        "recall": 0.0,
        "f1-score": 0.0,
        "support": 968.0
      },
      "desire": {
        "precision": 0.018463286464990767,
        "recall": 1.0,
        "f1-score": 0.03625714684144471,
        "support": 390.0
      },
      "disappointment": {
        "precision": 0.038825757575757576,
        "recall": 1.0,
        "f1-score": 0.07474931631722881,
        "support": 820.0
      },
      "disapproval": {
        "precision": 0.052170619703640585,
        "recall": 1.0,
        "f1-score": 0.09916760404949382,
        "support": 1102.0
      },
      "disgust": {
        "precision": 0.0,
        "recall": 0.0,
        "f1-score": 0.0,
        "support": 537.0
      },
      "embarrassment": {
        "precision": 0.011740756521327464,
        "recall": 1.0,
        "f1-score": 0.023209021571288194,
        "support": 248.0
      },
      "excitement": {
        "precision": 0.027600246177152867,
        "recall": 1.0,
        "f1-score": 0.05371786602782641,
        "support": 583.0
      },
      "fear": {
        "precision": 0.0,
        "recall": 0.0,
        "f1-score": 0.0,
        "support": 316.0
      },
      "gratitude": {
        "precision": 0.05325948018747337,
        "recall": 1.0,
        "f1-score": 0.1011326860841424,
        "support": 1125.0
      },
      "grief": {
        "precision": 0.0,
        "recall": 0.0,
        "f1-score": 0.0,
        "support": 82.0
      },
      "joy": {
        "precision": 0.038204800454480894,
        "recall": 1.0,
        "f1-score": 0.07359781121751026,