{
  "model_id_or_path": "albert-base-v2",
  "split": "test",
  "threshold": 0.5,
  "max_length": 128,
  "batch_size": 32,
  "fp32": {
    "f1_micro": 0.30117982225250056,
    "f1_macro": 0.18027770302422375,
    "f1_weighted": 0.25174760252379363,
    "latency_sec": 2189.0172865390778,
    "report": {
      "admiration": {
        "precision": 0.6785361028684471,
        "recall": 0.3967611336032389,
        "f1-score": 0.5007299270072992,
        "support": 1729.0
      },
      "amusement": {
        "precision": 0.6292397660818714,
        "recall": 0.5489795918367347,
        "f1-score": 0.5863760217983651,
        "support": 980.0
      },
      "anger": {
        "precision": 0.6,
        "recall": 0.11712846347607053,
        "f1-score": 0.19599578503688092,
        "support": 794.0
      },
      "annoyance": {
        "precision": 0.0,
        "recall": 0.0,
        "f1-score": 0.0,
        "support": 1292.0
      },
      "approval": {
        "precision": 0.0,
        "recall": 0.0,
        "f1-score": 0.0,
        "support": 1779.0
      },
      "caring": {
        "precision": 0.75,
        "recall": 0.0050933786078098476,
        "f1-score": 0.01011804384485666,
        "support": 589.0
      },
      "confusion": {
        "precision": 0.6607142857142857,
        "recall": 0.05096418732782369,
        "f1-score": 0.09462915601023018,
        "support": 726.0
      },
      "curiosity": {
        "precision": 0.6666666666666666,
        "recall": 0.06198347107438017,
        "f1-score": 0.11342155009451796,
        "support": 968.0
      },
      "desire": {
        "precision": 0.6,
        "recall": 0.03076923076923077,
        "f1-score": 0.05853658536585366,
        "support": 390.0
      },
      "disappointment": {
        "precision": 0.0,
        "recall": 0.0,
        "f1-score": 0.0,
        "support": 820.0
      },
      "disapproval": {
        "precision": 0.0,
        "recall": 0.0,
        "f1-score": 0.0,
        "support": 1102.0
      },
      "disgust": {
        "precision": 0.676923076923077,
        "recall": 0.08193668528864059,
        "f1-score": 0.1461794019933555,
        "support": 537.0
      },
      "embarrassment": {
        "precision": 1.0,
        "recall": 0.004032258064516129,
        "f1-score": 0.008032128514056224,
        "support": 248.0
      },
      "excitement": {
        "precision": 0.0,
        "recall": 0.0,
        "f1-score": 0.0,
        "support": 583.0
      },
      "fear": {
        "precision": 0.5901639344262295,
        "recall": 0.22784810126582278,
        "f1-score": 0.3287671232876712,
        "support": 316.0
      },
      "gratitude": {
        "precision": 0.8772112382934444,
        "recall": 0.7493333333333333,
        "f1-score": 0.8082454458293384,
        "support": 1125.0
      },
      "grief": {
        "precision": 0.0,
        "recall": 0.0,
        "f1-score": 0.0,
        "support": 82.0
      },
      "joy": {
        "precision": 0.515,
        "recall": 0.12763320941759604,
        "f1-score": 0.20456802383316783,
        "support": 807.0
      },
      "love": {
        "precision": 0.6591251885369532,
        "recall": 0.5415117719950434,
        "f1-score": 0.5945578231292517,
        "support": 807.0
      },
      "nervousness": {
        "precision": 0.0,
        "recall": 0.0,
        "f1-score": 0.0,
        "support": 184.0
      },
      "optimism": {
        "precision": 0.5681063122923588,
        "recall": 0.2016509433962264,
        "f1-score": 0.29765013054830286,
        "support": 848.0
      },
      "pride": {
        "precision": 0.0,
        "recall": 0.0,
        "f1-score": 0.0,
        "support": 138.0
      },
      "realization": {
        "precision": 0.0,
        "recall": 0.0,
        "f1-score": 0.0,
        "support": 885.0
      },
      "relief": {
        "precision": 0.0,
        "recall": 0.0,
        "f1-score": 0.0,
        "support": 132.0
      },
      "remorse": {
        "precision": 0.6666666666666666,
        "recall": 0.1111111111111111,
        "f1-score": 0.19047619047619047,
        "support": 252.0
      },
      "sadness": {
        "precision": 0.6349206349206349,
        "recall": 0.1875,
        "f1-score": 0.28950542822677927,
        "support": 640.0
      },
      "surprise": {
        "precision": 0.6504065040650406,
        "recall": 0.14953271028037382,
        "f1-score": 0.24316109422492402,
        "support": 535.0
      },
      "neutral": {
        "precision": 0.5982073265783321,
        "recall": 0.27504031535567103,
        "f1-score": 0.37682582545722354,
        "support": 5581.0
      },
      "micro avg": {
        "precision": 0.6550377155172413,
        "recall": 0.1955446539868913,
        "f1-score": 0.30117982225250056,
        "support": 24869.0
      },
      "macro avg": {
        "precision": 0.4293531322869289,
        "recall": 0.13817178200727226,
        "f1-score": 0.18027770302422375,
        "support": 24869.0
      },
      "weighted avg": {
        "precision": 0.46411407341184224,
        "recall": 0.1955446539868913,
        "f1-score": 0.25174760252379363,
        "support": 24869.0
      },
      "samples avg": {
        "precision": 0.22650665151730343,
        "recall": 0.20463686239854398,
        "f1-score": 0.21120218764019358,
        "support": 24869.0
      }
    },
    "n_examples": 21123
  },
  "int8_dynamic": {
    "f1_micro": 0.15836251009964988,
    "f1_macro": 0.07012230493148987,
    "f1_weighted": 0.09401806771972085,
    "latency_sec": 1602.837093114853,
    "report": {
      "admiration": {
        "precision": 0.34232498394348104,
        "recall": 0.6165413533834586,
        "f1-score": 0.44022300227131944,
        "support": 1729.0
      },
      "amusement": {
        "precision": 0.5,
        "recall": 0.003061224489795918,
        "f1-score": 0.006085192697768763,
        "support": 980.0
      },
      "anger": {
        "precision": 0.0,
        "recall": 0.0,
        "f1-score": 0.0,
        "support": 794.0
      },
      "annoyance": {
        "precision": 0.0,
        "recall": 0.0,
        "f1-score": 0.0,
        "support": 1292.0
      },
      "approval": {
        "precision": 0.0,
        "recall": 0.0,
        "f1-score": 0.0,
        "support": 1779.0
      },
      "caring": {
        "precision": 0.0,
        "recall": 0.0,
        "f1-score": 0.0,
        "support": 589.0
      },
      "confusion": {
        "precision": 0.0,
        "recall": 0.0,
        "f1-score": 0.0,
        "support": 726.0
      },
      "curiosity": {
        "precision": 1.0,
        "recall": 0.004132231404958678,
        "f1-score": 0.00823045267489712,
        "support": 968.0
      },
      "desire": {
        "precision": 0.0,
        "recall": 0.0,
        "f1-score": 0.0,
        "support": 390.0
      },
      "disappointment": {
        "precision": 0.0,
        "recall": 0.0,
        "f1-score": 0.0,
        "support": 820.0
      },
      "disapproval": {
        "precision": 0.0,
        "recall": 0.0,
        "f1-score": 0.0,
        "support": 1102.0
      },
      "disgust": {
        "precision": 0.0,
        "recall": 0.0,
        "f1-score": 0.0,
        "support": 537.0
      },
      "embarrassment": {
        "precision": 0.0,
        "recall": 0.0,
        "f1-score": 0.0,
        "support": 248.0
      },
      "excitement": {
        "precision": 0.0,
        "recall": 0.0,
        "f1-score": 0.0,
        "support": 583.0
      },
      "fear": {
        "precision": 1.0,
        "recall": 0.006329113924050633,
        "f1-score": 0.012578616352201259,
        "support": 316.0
      },
      "gratitude": {
        "precision": 0.8770053475935828,
        "recall": 0.7288888888888889,
        "f1-score": 0.7961165048543689,
        "support": 1125.0
      },
      "grief": {
        "precision": 0.0,
        "recall": 0.0,
        "f1-score": 0.0,
        "support": 82.0
      },