{
  "admiration": {
    "precision": 0.6292372881355932,
    "recall": 0.5153267784846732,
    "f1-score": 0.5666136724960255,
    "support": 1729.0
  },
  "amusement": {
    "precision": 0.6332622601279317,
    "recall": 0.6061224489795919,
    "f1-score": 0.6193952033368092,
    "support": 980.0
  },
  "anger": {
    "precision": 0.5114285714285715,
    "recall": 0.22544080604534006,
    "f1-score": 0.3129370629370629,
    "support": 794.0
  },
  "annoyance": {
    "precision": 0.45054945054945056,
    "recall": 0.03173374613003096,
    "f1-score": 0.05929139551699204,
    "support": 1292.0
  },
  "approval": {
    "precision": 0.5125348189415042,
    "recall": 0.10342889263631254,
    "f1-score": 0.17212347988774557,
    "support": 1779.0
  },
  "caring": {
    "precision": 0.428,
    "recall": 0.18166383701188454,
    "f1-score": 0.2550655542312277,
    "support": 589.0
  },
  "confusion": {
    "precision": 0.5169491525423728,
    "recall": 0.16804407713498623,
    "f1-score": 0.25363825363825365,
    "support": 726.0
  },
  "curiosity": {
    "precision": 0.5652173913043478,
    "recall": 0.16115702479338842,
    "f1-score": 0.2508038585209003,
    "support": 968.0
  },
  "desire": {
    "precision": 0.4925373134328358,
    "recall": 0.16923076923076924,
    "f1-score": 0.25190839694656486,
    "support": 390.0
  },
  "disappointment": {
    "precision": 0.4634146341463415,
    "recall": 0.046341463414634146,
    "f1-score": 0.08425720620842572,
    "support": 820.0
  },
  "disapproval": {
    "precision": 0.4370860927152318,
    "recall": 0.11978221415607986,
    "f1-score": 0.18803418803418803,
    "support": 1102.0
  },
  "disgust": {
    "precision": 0.5909090909090909,
    "recall": 0.12104283054003724,
    "f1-score": 0.2009273570324575,
    "support": 537.0
  },
  "embarrassment": {
    "precision": 0.6363636363636364,
    "recall": 0.14112903225806453,
    "f1-score": 0.23102310231023102,
    "support": 248.0
  },
  "excitement": {
    "precision": 0.5084745762711864,
    "recall": 0.10291595197255575,
    "f1-score": 0.17118402282453637,
    "support": 583.0
  },
  "fear": {
    "precision": 0.5819209039548022,
    "recall": 0.3259493670886076,
    "f1-score": 0.4178498985801217,
    "support": 316.0
  },
  "gratitude": {
    "precision": 0.8636826042726348,
    "recall": 0.7546666666666667,
    "f1-score": 0.8055028462998103,
    "support": 1125.0
  },
  "grief": {
    "precision": 0.3333333333333333,
    "recall": 0.012195121951219513,
    "f1-score": 0.023529411764705882,
    "support": 82.0
  },
  "joy": {
    "precision": 0.5510204081632653,
    "recall": 0.20074349442379183,
    "f1-score": 0.29427792915531337,
    "support": 807.0
  },
  "love": {
    "precision": 0.6423751686909581,
    "recall": 0.5898389095415117,
    "f1-score": 0.6149870801033591,
    "support": 807.0
  },
  "nervousness": {
    "precision": 0.47058823529411764,
    "recall": 0.043478260869565216,
    "f1-score": 0.07960199004975124,
    "support": 184.0
  },
  "optimism": {
    "precision": 0.5294117647058824,
    "recall": 0.2653301886792453,
    "f1-score": 0.3534956794972506,
    "support": 848.0
  },
  "pride": {
    "precision": 0.45161290322580644,
    "recall": 0.10144927536231885,
    "f1-score": 0.16568047337278108,
    "support": 138.0
  },
  "realization": {
    "precision": 0.4787234042553192,
    "recall": 0.05084745762711865,
    "f1-score": 0.09193054136874361,
    "support": 885.0
  },
  "relief": {
    "precision": 0.2222222222222222,
    "recall": 0.015151515151515152,
    "f1-score": 0.028368794326241134,
    "support": 132.0
  },
  "remorse": {
    "precision": 0.49214659685863876,
    "recall": 0.373015873015873,
    "f1-score": 0.42437923250564336,
    "support": 252.0
  },
  "sadness": {
    "precision": 0.5913621262458472,
    "recall": 0.278125,
    "f1-score": 0.3783209351753454,
    "support": 640.0
  },
  "surprise": {
    "precision": 0.5346153846153846,
    "recall": 0.25981308411214954,
    "f1-score": 0.34968553459119495,
    "support": 535.0
  },
  "neutral": {
    "precision": 0.6137640449438202,
    "recall": 0.31320551872424296,
    "f1-score": 0.41475857159805435,
    "support": 5581.0
  },
  "micro avg": {
    "precision": 0.6053556938057885,
    "recall": 0.26997466725642366,
    "f1-score": 0.37341490545050054,
    "support": 24869.0
  },
  "macro avg": {
    "precision": 0.5261694063446475,
    "recall": 0.22418462878579198,
    "f1-score": 0.2878418454396335,
    "support": 24869.0
  },
  "weighted avg": {
    "precision": 0.5637184043991091,
    "recall": 0.26997466725642366,
    "f1-score": 0.3410629530745908,
    "support": 24869.0
  },
  "samples avg": {
    "precision": 0.3048809354731809,
    "recall": 0.2779444508318248,
    "f1-score": 0.2851625287713911,
    "support": 24869.0
  }
}